PI,EA Element,Institution,State,Model,Framework,Task,Output,Sensor and Instruments,Area of Interest,Area of Interest_2,Temporal,Temporal_2,Prediction scale,End users,End users Location,End user sector,Synergies
Basu,Energy and Infrastructure ,State University of New York Albany,New York,"Prithvi WxC, Prithvi EO",Prithvi-Outage Prediction Modeling framework (Prithvi-OPM),high-intensity winds,Probabilistic,"HLS, MERRA-2, Global Forecast System (GFS), Global Ensemble Forecast System (GEFS), High-Resolution Rapid Refresh (HRRR), VIIRS  Black Marble nighttime radiance",CONUS,"Califronia, Texas",7–14 days,24–48 hours,"hyper-localized, census tract-level, county-level)","Con Edison, National Grid, Pacific Gas and Electric Company, (PG&E), Southern Company","New York, NY, USA, London, UK, Oakland, CA, USA, Atlanta, GA, USA",Commercial,"Nikolopoulos, Sun"
Gori,Disasters,William Marsh Rice University,Texas,Prithvi-WxC,"Couple track, wind, and rainfall models for comprehensive TC multi-hazard assessment",generates large tropical cyclones forecasts,Probabilistic,"MERRA-2, Multi-satellitE Retrievals for GPM (IMERG)",CONUS Coastal,"US East, Gulf coasts",6 hours,,"(1000 km x 1000 km, joint wind-rain probability distributions at select coastal locations.","Ariel Re, Arch, Everest","Bermuda, Jersey City, NJ, USA, Hamilton, Bermuda",Commercial,Magruder
Nikolopoulos,Disasters,Rutgers University New Brunswick,New Jersey,Prithvi-WxC,Prithvi-WxC-Powered Ensemble Precipitation Forecasts (P-PFE),probabilistic flood-stage forecasts,Probabilistic,"High Resolution Rapid Refresh (HRRR), NOAA Multi-Radar Multi-Sensor (MRMS)","New Jersey, Iowa",CONUS,48 hours,,3 km,"New Jersey Office of Emergency Management (NJOEM), Iowa Flood Center (IFC) and the Township of Spencer, IA:","Trenton, NJ, USA, Iowa City, IA, USA, Spencer, IA, USA",Public,"Basu, Sun"
Kim,Water Resources,University of Texas El Paso,Texas,Prithvi-EO,Urban Monsoon Flood Detection Prithvi EO fused with SAR,Flood /non-flood,Binary Classification,"Sentinel-1, HLS","Texas, New Mexico",,94.8 hours,2020-2025,30m,Emergency Operations Center (El Paso),"El Paso, TX, USA",Public,"Rouet-Leduc, Liu, Xie"
Gupta,Health and Air Quality,NASA Goddard Space Flight Center,Maryland,"Prithvi WxC, Prithvi EO",Prithvi WxC and EO fused Guided Nowcasting of Wildfire-Smoke PM2.5 over Continental United States ,smoke-focused PM2.5 nowcasting,Probabilistic,"High Resolution Rapid Refresh (HRRR), TEMPO, GOES-R, VIRRS, MODIS, HLS, GOES-ABI",CONUS,California,6 hours,2023-2025,2 km,"Sonoma Technology, US EPA, California's South Coast Air Quality Management District (SCAQMD)","Petaluma, CA, USA, Washington, DC, USA, Diamond Bar, CA, USA","Commercial, Public",Li
Li,Health and Air Quality,Washington University,Missouri,Prithvi-WxC,Prithvi WxC derived monthly ground-level air quality estimates and chemical transport modeling Emulation,"monthly ground-level air quality estimates PM2.5, NO2, and SO2 concentration map",Probabilistic,"PACE, GOES-R, TEMPO, VIIRS, Suomi NPP, NOAA-20, NOAA-21, MODIS,AERONET",CONUS,,2025-2027,2020-2025,1 km ,Electric Power Research Institute (EPRI),"Palo Alto, CA, USA",Non-profit,Gupta
Kennedy,Ecological Conservation,Oregon State University,Oregon,Prithvi-EO,Prithvi EO landscape change attribution service in support of National Park Service and National Forest monitoring needs,Forest change attribution,Classification,HLS,Midwest United States,,2018-2026,,30m,"National Park Service (NPS), US Forest Service (USFS)","Washington, DC, USA, Washington, DC, USA",Public,"Vogeler, Magruder, Wang"
Vogeler,Ecological Conservation,Colorado State University,Colorado ,Prithvi EO,Prithvi-Enhanced GEDI-Fusion Forest Structure Products,"Forest Structure (FHD, PAI, CHM) integrated with (SDMs) for focal wildlife species of conservation
management importance.",Continuous,"GEDI, HLS",,,2016-2025,,30m,"USDA Forest Service, Oregon Department of Fish and Wildlife(ODFW)","Washington, DC, USA, Salem, OR, USA",Public,"Kennedy, Magruder, Wang, Vuyovich"
Wang,Ecological Conservation,Massachusetts Institute of Technology,Massachusetts,Prithvi EO,Prithvi Enabled Analysis of Coastal Habitats and Ecology for restoration and vulnerability planning,"canopy height, biomass, and species composition",Continuous,"NASA-ESA Multi-Mission Algorithm and Analysis Platform, WorldView, HLS, PlanetScope, GLiHT, LVIS
(MAAP),",CONUS Coastal,"Maryland, Virginia, West Virginia, Delaware, Pennsylvania, New York, Florida, Puerto Rico.",2015-2020,,30m,"DP World, The Nature Conservancy (TNC)","Dubai, UAE, Arlington, VA, USA","Commercial, Non Profit","Kennedy, Magruder, Vogeler"
Magruder,Ecological Conservation,University of Texas Austin,Texas,Prithvi EO,Fuse ICESat-2 and Prithvi EO unimodal foundation models to produce a regional DEM that provides continuous (wall-to-wall) 3D structure (vegetation and terrain) with improved vertical accuracy,"DEM, bathymetry. 3D Vegetation Structure and Terrain","Continuous, Classification","ICSat-2, HLS, GEDI",Global,"Finland, Latvia and Sweden",,,12m,U.S. Army Engineering Research and Development center (ERDC) Forest Ecosystem Dynamics Team (FED),"Vicksburg, MS, USA",Public,"Kennedy, Magruder, Wang, Gori"
Liu,Water Resources,University of Alabama Tuscaloosa,Alabama,Prithvi EO,Prithvi-Aqua for Harmful Algal Blooms,"Chlorophyll-a, suspended sediment concentration/turbidity, colored dissolved organic matter (CDOM), trophic state index, turbidity, temperature",Classification,"Landsat 8/9 OLI, Sentinel-2, Sentinel-3,PlanetScope","Georgia, Kentucky","Ohio, Indiana, Vermont, Alabama, California, Kenya, Tanzania, Uganda",Daily,,"30m, 300m","Gwinnett County GA Department of Water Resources (GCDWR), Louisville KY Water Company (LWC), U.S. Army Corps of Engineers (USACE), US Geological Survey (USGS), Geological Survey of Alabama (GSA), The Water Tower (TWT), AtkinsRéalis, NOAA Cooperative Institute for Research to Operations in Hydrology (CIROH)","Lawrenceville, GA, USA, Louisville, KY, USA, Washington, DC, USA, Reston, VA, USA, Tuscaloosa, AL, USA, Buford, GA, USA, Montreal, QC, Canada, Huntsville, AL, USA",Public,"Kim, Rouet-Leduc"
Xie,Water Resources,University of Oklahoma Norman,Oklahoma,Prithvi EO,Prithvi-EO FM-based irrigation mapping tools (FM4Irr),"field-scale irrigation mapping (irrgated, gravity/flood, sprinkler)",Classification,"HLS, MODIS, VIIRS, OpenET, NAIP","New Mexico, Texas","Alaska, Arizona, California, Colorado, Hawaii, Idaho, Montana, Nevada, New Mexico, Oregon, Utah, Washington, Wyoming, Nebraska, Kansas, Oklahoma, Texas",2000-2026,,30m,"New Mexico Office of the State Engineer (NMOSE), Texas Water Development Board (TWDB)","Santa Fe, NM, USA, Austin, TX, USA",Public,Kim
Sun,Energy and Infrastructure ,University of Maryland College Park,Maryland,Prithvi WxC,Prithvi-WxC/SSH-FC+downscaling,"surface-current forecasts, Wind, Sea Surface Height",Probabilistic,"GEOS-FP, ECMWF, NOAA Global Forecast System (GFS), Sentinel 3A, JASON 3, Sentinel 6, Sentinel 3B, SARAL/AltiKa, CRYOSAT 2, JASON 2, ENVISAT, JASON 1, GFO, POSEIDON, TOPEX A/B, ERS 1, ERS 2, SWOT",Global,,6-hourly surface-current updates,the 0-48-hour decision window,"≤0.1° × 0.1° (11,113.30m)",Sofar Ocean’s,"San Francisco, CA, USA",Commercial,"Basu, Nikolopoulos"
Vuyovich,Water Resources,NASA Goddard Space Flight Center,Maryland,Prithvi EO,"Prithvi-EO-2.0 fusing optical, climate, and microwave observations",snow water equivalent,Probabilistic,"Airborne Snow Observatory (ASO) LiDAR, HLS, SMAP",Colorado,"California, Wyoming, Utah, Washington",Annual,1999-2025,30m,American Society of Civil Engineers (ASCE),"Reston, VA, USA",Non-profit,"Magruder, Vogeler"
Rouet-Leduc,Energy and Infrastructure ,"Geolabe LLC, Kyoto University Japan","New Mexico, Japan",Prithvi EO,Prithvi-EO for Natural Hazard Detection and Application to Pipelines Monitoring,"natural hazards (floods, landslides, wildfires)",Classification,"HLS, Sentinel-1",Texas,,2-3 days,,30m,Phillips 66,"Houston, TX, USA",Commercial,"Kim, Liu"